{
  "material": {
    "core": {
      "nu": 79577.4715025
    },
    "air": {
      "nu": 795774.715025
    },
    "copper": {
      "nu": 795774.715025
    },
    "Magnet_NdFe": {
      "nu": 795774.715025
    }
  }
}
